<?xml version="1.0" encoding="UTF-8"?>
<project-private xmlns="http://www.netbeans.org/ns/project-private/1">
    <editor-bookmarks xmlns="http://www.netbeans.org/ns/editor-bookmarks/2" lastBookmarkId="0"/>
    <open-files xmlns="http://www.netbeans.org/ns/projectui-open-files/2">
        <group>
            <file>file:/C:/Users/usuario/OneDrive/Documentos/Cosas%20de%20la%20facu/Desarrollos%20de%20Sistemas%20Orientados%20a%20Objetos/proyecto-poo/proyecto-final-programacion/src/Personas/Pasajeros/View/PasajeroModificar.java</file>
            <file>file:/C:/Users/usuario/OneDrive/Documentos/Cosas%20de%20la%20facu/Desarrollos%20de%20Sistemas%20Orientados%20a%20Objetos/proyecto-poo/proyecto-final-programacion/src/Vuelos/view/VuelosABM.java</file>
            <file>file:/C:/Users/usuario/OneDrive/Documentos/Cosas%20de%20la%20facu/Desarrollos%20de%20Sistemas%20Orientados%20a%20Objetos/proyecto-poo/proyecto-final-programacion/src/Vuelos/model/repository/VueloDao.java</file>
            <file>file:/C:/Users/usuario/OneDrive/Documentos/Cosas%20de%20la%20facu/Desarrollos%20de%20Sistemas%20Orientados%20a%20Objetos/proyecto-poo/proyecto-final-programacion/src/Vuelos/model/repository/VueloDaoImpl.java</file>
            <file>file:/C:/Users/usuario/OneDrive/Documentos/Cosas%20de%20la%20facu/Desarrollos%20de%20Sistemas%20Orientados%20a%20Objetos/proyecto-poo/proyecto-final-programacion/src/Intro/View/Intro.java</file>
            <file>file:/C:/Users/usuario/OneDrive/Documentos/Cosas%20de%20la%20facu/Desarrollos%20de%20Sistemas%20Orientados%20a%20Objetos/proyecto-poo/proyecto-final-programacion/src/Vuelos/view/VuelosAñadir.java</file>
            <file>file:/C:/Users/usuario/OneDrive/Documentos/Cosas%20de%20la%20facu/Desarrollos%20de%20Sistemas%20Orientados%20a%20Objetos/proyecto-poo/proyecto-final-programacion/src/Main/ProyectoFinalProgramacion.java</file>
            <file>file:/C:/Users/usuario/OneDrive/Documentos/Cosas%20de%20la%20facu/Desarrollos%20de%20Sistemas%20Orientados%20a%20Objetos/proyecto-poo/proyecto-final-programacion/src/Vuelos/controller/VueloController.java</file>
            <file>file:/C:/Users/usuario/OneDrive/Documentos/Cosas%20de%20la%20facu/Desarrollos%20de%20Sistemas%20Orientados%20a%20Objetos/proyecto-poo/proyecto-final-programacion/src/Personas/Pasajeros/View/PasajeroAñadir.java</file>
            <file>file:/C:/Users/usuario/OneDrive/Documentos/Cosas%20de%20la%20facu/Desarrollos%20de%20Sistemas%20Orientados%20a%20Objetos/proyecto-poo/proyecto-final-programacion/src/Vuelos/view/VueloModificar.java</file>
            <file>file:/C:/Users/usuario/OneDrive/Documentos/Cosas%20de%20la%20facu/Desarrollos%20de%20Sistemas%20Orientados%20a%20Objetos/proyecto-poo/proyecto-final-programacion/src/Personas/Pasajeros/Controller/PasajeroController.java</file>
            <file>file:/C:/Users/usuario/OneDrive/Documentos/Cosas%20de%20la%20facu/Desarrollos%20de%20Sistemas%20Orientados%20a%20Objetos/proyecto-poo/proyecto-final-programacion/src/Personas/Pasajeros/View/PasajeroABM.java</file>
        </group>
    </open-files>
</project-private>
